{
  "prompt_metrics": {
    "sensitivity": 0.5096153846153846,
    "avg_version_difference": 0.5871794871794871,
    "global_avg_version_difference": 0.49679487179487175
  },
  "order_metrics": {
    "sensitivities": {
      "v1": 0.13461538461538458,
      "v2": 0.3076923076923077,
      "v3": 0.16923076923076918,
      "average": 0.20384615384615382
    },
    "differences": {
      "v1": 0.18653846153846154,
      "v2": 0.46153846153846156,
      "v3": 0.3269230769230769,
      "average": 0.325
    }
  },
  "details": {
    "total_items": 520,
    "valid_items_by_version": {
      "v1": 520,
      "v2": 520,
      "v3": 520
    },
    "prompt_valid_items": 520,
    "skipped_items": []
  },
  "consistency_metrics": {
    "per_prompt_std": {
      "v1": 0.6911849870986294,
      "v1_reversed": 0.641371381120728,
      "v2": 0.9616134586136896,
      "v2_reversed": 0.9574045752502225,
      "v3": 0.8488680245343931,
      "v3_reversed": 0.5038901918511483
    },
    "overall_consistency": 0.767388769744802
  }
}