{
  "prompt_metrics": {
    "sensitivity": 0.5249999999999999,
    "avg_version_difference": 0.8628205128205128,
    "global_avg_version_difference": 0.9460256410256411
  },
  "order_metrics": {
    "sensitivities": {
      "v1": 0.4980769230769231,
      "v2": 0.41538461538461535,
      "v3": 0.3884615384615384,
      "average": 0.43397435897435893
    },
    "differences": {
      "v1": 1.0769230769230769,
      "v2": 0.7,
      "v3": 0.8326923076923077,
      "average": 0.8698717948717949
    }
  },
  "details": {
    "total_items": 520,
    "valid_items_by_version": {
      "v1": 520,
      "v2": 520,
      "v3": 520
    },
    "prompt_valid_items": 520,
    "skipped_items": []
  },
  "consistency_metrics": {
    "per_prompt_std": {
      "v1": 1.554121024812197,
      "v1_reversed": 1.5468987394329246,
      "v2": 1.34289578256849,
      "v2_reversed": 1.69510149632411,
      "v3": 1.477762932280976,
      "v3_reversed": 1.6881943016134133
    },
    "overall_consistency": 1.5508290461720184
  }
}