{
  "prompt_metrics": {
    "sensitivity": 0.6346153846153846,
    "avg_version_difference": 0.7115384615384616,
    "global_avg_version_difference": 0.8238461538461538
  },
  "order_metrics": {
    "sensitivities": {
      "v1": 0.41730769230769227,
      "v2": 0.4461538461538461,
      "v3": 0.5346153846153846,
      "average": 0.466025641025641
    },
    "differences": {
      "v1": 0.6115384615384616,
      "v2": 0.6961538461538461,
      "v3": 0.823076923076923,
      "average": 0.7102564102564103
    }
  },
  "details": {
    "total_items": 520,
    "valid_items_by_version": {
      "v1": 520,
      "v2": 520,
      "v3": 520
    },
    "prompt_valid_items": 520,
    "skipped_items": []
  },
  "consistency_metrics": {
    "per_prompt_std": {
      "v1": 0.9840142395659927,
      "v1_reversed": 1.0459841491326178,
      "v2": 1.011940546000136,
      "v2_reversed": 1.1489897801081173,
      "v3": 1.1461215793083266,
      "v3_reversed": 1.1582671713541253
    },
    "overall_consistency": 1.0825529109115526
  }
}