{
  "prompt_metrics": {
    "sensitivity": 0.475,
    "avg_version_difference": 1.2743589743589743,
    "global_avg_version_difference": 1.2459615384615383
  },
  "order_metrics": {
    "sensitivities": {
      "v1": 0.46153846153846145,
      "v2": 0.471042471042471,
      "v3": 0.4682080924855492,
      "average": 0.46692967502216054
    },
    "differences": {
      "v1": 1.351923076923077,
      "v2": 1.0077220077220077,
      "v3": 1.0905587668593448,
      "average": 1.1500679505014766
    }
  },
  "details": {
    "total_items": 520,
    "valid_items_by_version": {
      "v1": 520,
      "v2": 518,
      "v3": 519
    },
    "prompt_valid_items": 520,
    "skipped_items": []
  },
  "consistency_metrics": {
    "per_prompt_std": {
      "v1": 1.2485198337022643,
      "v1_reversed": 1.448544209005644,
      "v2": 2.373737894347607,
      "v2_reversed": 1.7798796607852498,
      "v3": 2.2113745758674397,
      "v3_reversed": 1.5498756834869223
    },
    "overall_consistency": 1.7686553095325213
  }
}