{
  "prompt_metrics": {
    "sensitivity": 0.8957528957528957,
    "avg_version_difference": 1.9562419562419562,
    "global_avg_version_difference": 1.9367948717948718
  },
  "order_metrics": {
    "sensitivities": {
      "v1": 0.6868884540117417,
      "v2": 0.7287128712871287,
      "v3": 0.7258382642998027,
      "average": 0.713813196532891
    },
    "differences": {
      "v1": 1.6183953033268101,
      "v2": 1.9029702970297029,
      "v3": 2.0611439842209074,
      "average": 1.8608365281924737
    }
  },
  "details": {
    "total_items": 520,
    "valid_items_by_version": {
      "v1": 511,
      "v2": 505,
      "v3": 507
    },
    "prompt_valid_items": 518,
    "skipped_items": []
  },
  "consistency_metrics": {
    "per_prompt_std": {
      "v1": 1.7691102471702065,
      "v1_reversed": 1.8037089593367097,
      "v2": 1.9725880010181702,
      "v2_reversed": 2.074638273523516,
      "v3": 1.9795290172008233,
      "v3_reversed": 2.0875595176697264
    },
    "overall_consistency": 1.9478556693198588
  }
}