{
  "meta": {
    "model_name": "mistral-small-24b-instruct-2501",
    "prompt": "averaged_0.3_pos_centered"
  },
  "scores": {
    "pvq": {
      "Hedonism": {
        "centered_mean": -0.05672105672105676,
        "original_mean": 4.52020202020202,
        "std_dev": 1.0410412876321675,
        "n": 33
      },
      "Achievement": {
        "centered_mean": -0.520375457875458,
        "original_mean": 4.056547619047619,
        "std_dev": 1.3360377282189637,
        "n": 56
      },
      "Power": {
        "centered_mean": -0.20192307692307665,
        "original_mean": 4.375,
        "std_dev": 1.1993198303853545,
        "n": 64
      },
      "Tradition": {
        "centered_mean": -0.7435897435897432,
        "original_mean": 3.8333333333333335,
        "std_dev": 1.4656562175858798,
        "n": 12
      },
      "Conformity": {
        "centered_mean": -0.13489409141582964,
        "original_mean": 4.442028985507247,
        "std_dev": 1.0559341122444081,
        "n": 23
      },
      "Security": {
        "centered_mean": 0.5897435897435894,
        "original_mean": 5.166666666666666,
        "std_dev": 0.7663560447348133,
        "n": 14
      },
      "Stimulation": {
        "centered_mean": 0.20214669051878342,
        "original_mean": 4.77906976744186,
        "std_dev": 1.0145714400764536,
        "n": 43
      },
      "Universalism": {
        "centered_mean": 0.4008547008547012,
        "original_mean": 4.977777777777778,
        "std_dev": 0.8407815294396719,
        "n": 15
      },
      "Benevolence": {
        "centered_mean": 0.9230769230769234,
        "original_mean": 5.5,
        "std_dev": 0.3755338080994055,
        "n": 13
      },
      "Self_Direction": {
        "centered_mean": 0.604895104895105,
        "original_mean": 5.181818181818182,
        "std_dev": 1.0382934363037464,
        "n": 11
      }
    },
    "bfi": {
      "Openness": {
        "centered_mean": 0.5749738766980155,
        "original_mean": 5.1439393939393945,
        "std_dev": 0.7902426659415323,
        "n": 22
      },
      "Agreeableness": {
        "centered_mean": -0.14867566216891515,
        "original_mean": 4.420289855072464,
        "std_dev": 1.2027239265601515,
        "n": 92
      },
      "Conscientiousness": {
        "centered_mean": 0.14862707535121356,
        "original_mean": 4.717592592592593,
        "std_dev": 1.1943278007932328,
        "n": 72
      },
      "Extraversion": {
        "centered_mean": -0.32359514687100877,
        "original_mean": 4.24537037037037,
        "std_dev": 1.294269248463065,
        "n": 36
      },
      "Neuroticism": {
        "centered_mean": 0.09770114942528707,
        "original_mean": 4.666666666666666,
        "std_dev": 0.6749485577105528,
        "n": 5
      }
    },
    "higher_pvq": {
      "Self_Enhancement": {
        "centered_mean": -0.22222222222222143,
        "original_mean": 4.305555555555556,
        "std_dev": 1.2125130890103102,
        "n": 66
      },
      "Conservation": {
        "centered_mean": -0.16414141414141437,
        "original_mean": 4.363636363636363,
        "std_dev": 1.4129955675193044,
        "n": 22
      },
      "Self_Transcendence": {
        "centered_mean": 0.5972222222222223,
        "original_mean": 5.125,
        "std_dev": 0.8302024518821365,
        "n": 16
      },
      "Openness_to_Change": {
        "centered_mean": 0.8964646464646471,
        "original_mean": 5.424242424242425,
        "std_dev": 0.37848472717566056,
        "n": 11
      }
    }
  }
}